[{
  "_id": {
    "$oid": "63ef64275b77080e6cec74ba"
  },
  "name": "John Smith",
  "position": "Point Guard",
  "points_per_game": 20,
  "assists_per_game": 10,
  "rebounds_per_game": 4
},{
  "_id": {
    "$oid": "63ef64275b77080e6cec74bb"
  },
  "name": "Mike Johnson",
  "position": "Shooting Guard",
  "points_per_game": 18,
  "assists_per_game": 5,
  "rebounds_per_game": 3
},{
  "_id": {
    "$oid": "63ef64275b77080e6cec74bc"
  },
  "name": "Adam Davis",
  "position": "Small Forward",
  "points_per_game": 15,
  "assists_per_game": 3,
  "rebounds_per_game": 6
},{
  "_id": {
    "$oid": "63ef64275b77080e6cec74bd"
  },
  "name": "Kevin Lee",
  "position": "Power Forward",
  "points_per_game": 12,
  "assists_per_game": 2,
  "rebounds_per_game": 8
},{
  "_id": {
    "$oid": "63ef64275b77080e6cec74be"
  },
  "name": "Tom Brown",
  "position": "Center",
  "points_per_game": 10,
  "assists_per_game": 1,
  "rebounds_per_game": 10
},{
  "_id": {
    "$oid": "63ef64275b77080e6cec74bf"
  },
  "name": "Benjamin Chen",
  "position": "Point Guard",
  "points_per_game": 8,
  "assists_per_game": 7,
  "rebounds_per_game": 2
},{
  "_id": {
    "$oid": "63ef64275b77080e6cec74c0"
  },
  "name": "Chris Kim",
  "position": "Shooting Guard",
  "points_per_game": 14,
  "assists_per_game": 4,
  "rebounds_per_game": 5
},{
  "_id": {
    "$oid": "63ef64275b77080e6cec74c1"
  },
  "name": "David Lee",
  "position": "Small Forward",
  "points_per_game": 10,
  "assists_per_game": 3,
  "rebounds_per_game": 7
},{
  "_id": {
    "$oid": "63ef64275b77080e6cec74c2"
  },
  "name": "Alex Kim",
  "position": "Power Forward",
  "points_per_game": 6,
  "assists_per_game": 2,
  "rebounds_per_game": 9
},{
  "_id": {
    "$oid": "63ef64275b77080e6cec74c3"
  },
  "name": "Daniel Kim",
  "position": "Center",
  "points_per_game": 5,
  "assists_per_game": 1,
  "rebounds_per_game": 11
},{
  "_id": {
    "$oid": "63ef64275b77080e6cec74c4"
  },
  "name": "Emily Park",
  "position": "Point Guard",
  "points_per_game": 7,
  "assists_per_game": 5,
  "rebounds_per_game": 3
},{
  "_id": {
    "$oid": "63ef64275b77080e6cec74c5"
  },
  "name": "Hannah Lee",
  "position": "Shooting Guard",
  "points_per_game": 11,
  "assists_per_game": 2,
  "rebounds_per_game": 4
},{
  "_id": {
    "$oid": "63ef64275b77080e6cec74c6"
  },
  "name": "Ivy Chen",
  "position": "Small Forward",
  "points_per_game": 9,
  "assists_per_game": 3,
  "rebounds_per_game": 6
},{
  "_id": {
    "$oid": "63ef64275b77080e6cec74c7"
  },
  "name": "Jack Kim",
  "position": "Power Forward",
  "points_per_game": 4,
  "assists_per_game": 1,
  "rebounds_per_game": 8
},{
  "_id": {
    "$oid": "63ef64275b77080e6cec74c8"
  },
  "name": "Kate Lee",
  "position": "Center",
  "points_per_game": 3,
  "assists_per_game": 1,
  "rebounds_per_game": 10
},{
  "_id": "63ee2a7a7118a87ecb5a9084",
  "category": "footballer",
  "date": "Thu Feb 16 2023 18:37:06 GMT+0530 (India Standard Time)",
  "first_name": "John",
  "last_name": "Warner",
  "likes": "4",
  "tags": "[\"football\",\"sports\"]"
},{
  "_id": "63ee2ac37118a87ecb5a9085",
  "category": "footballer",
  "date": "Thu Feb 16 2023 18:38:19 GMT+0530 (India Standard Time)",
  "first_name": "Steve",
  "last_name": "Smith",
  "likes": "10",
  "tags": "[\"football\",\"sports\"]"
},{
  "_id": "63ee2aed7118a87ecb5a9086",
  "category": "footballer",
  "date": "Thu Feb 16 2023 18:39:01 GMT+0530 (India Standard Time)",
  "first_name": "Joe",
  "last_name": "Clever",
  "likes": "20",
  "tags": "[\"football\",\"sports\"]"
},{
  "_id": "63ee2b1b7118a87ecb5a9087",
  "category": "footballer",
  "date": "Thu Feb 16 2023 18:39:47 GMT+0530 (India Standard Time)",
  "first_name": "Henry",
  "last_name": "Morgan",
  "likes": "15",
  "tags": "[\"football\",\"sports\"]"
},{
  "_id": "63ee2b417118a87ecb5a9088",
  "category": "footballer",
  "date": "Thu Feb 16 2023 18:40:25 GMT+0530 (India Standard Time)",
  "first_name": "Matt",
  "last_name": "Damon",
  "likes": "25",
  "tags": "[\"football\",\"sports\"]"
},{
  "_id": "63ee2e037118a87ecb5a9089",
  "first_name": "John",
  "last_name": "Warner",
  "missed_field_goals": "10",
  "rushing_yards": "30",
  "sacks_made": "15",
  "touchdowns_thrown": "3"
},{
  "_id": "63ee2e397118a87ecb5a908a",
  "first_name": "Steve",
  "last_name": "Smith",
  "missed_field_goals": "15",
  "rushing_yards": "40",
  "sacks_made": "8",
  "touchdowns_thrown": "11"
},{
  "_id": "63ee2e5a7118a87ecb5a908b",
  "first_name": "Joe",
  "last_name": "Clever",
  "missed_field_goals": "5",
  "rushing_yards": "22",
  "sacks_made": "7",
  "touchdowns_thrown": "19"
},{
  "_id": "63ee2e737118a87ecb5a908c",
  "first_name": "Henry",
  "last_name": "Morgan",
  "missed_field_goals": "4",
  "rushing_yards": "22",
  "sacks_made": "2",
  "touchdowns_thrown": "17"
},{
  "_id": "63ee2e8c7118a87ecb5a908d",
  "first_name": "Matt",
  "last_name": "Damon",
  "missed_field_goals": "12",
  "rushing_yards": "25",
  "sacks_made": "9",
  "touchdowns_thrown": "14"
}]