[{
  "_id": {
    "$oid": "63f0a12d9622a6364aa7f0ef"
  },
  "title": "The Shawshank Redemption",
  "director": "Frank Darabont",
  "release_year": 1994,
  "genre": [
    "Drama"
  ],
  "rating": 9.3
},{
  "_id": {
    "$oid": "63f0a12d9622a6364aa7f0f0"
  },
  "title": "The Godfather",
  "director": "Francis Ford Coppola",
  "release_year": 1972,
  "genre": [
    "Crime",
    "Drama"
  ],
  "rating": 9.2
},{
  "_id": {
    "$oid": "63f0a12d9622a6364aa7f0f1"
  },
  "title": "The Dark Knight",
  "director": "Christopher Nolan",
  "release_year": 2008,
  "genre": [
    "Action",
    "Crime",
    "Drama"
  ],
  "rating": 9
},{
  "_id": {
    "$oid": "63f0a12d9622a6364aa7f0f2"
  },
  "title": "Pulp Fiction",
  "director": "Quentin Tarantino",
  "release_year": 1994,
  "genre": [
    "Crime",
    "Drama"
  ],
  "rating": 8.9
},{
  "_id": {
    "$oid": "63f0a12d9622a6364aa7f0f3"
  },
  "title": "Forrest Gump",
  "director": "Robert Zemeckis",
  "release_year": 1994,
  "genre": [
    "Drama",
    "Romance"
  ],
  "rating": 8.8
},{
  "_id": {
    "$oid": "63f0a12d9622a6364aa7f0f4"
  },
  "title": "The Lord of the Rings: The Return of the King",
  "director": "Peter Jackson",
  "release_year": 2003,
  "genre": [
    "Action",
    "Adventure",
    "Drama"
  ],
  "rating": 8.9
}]